Phone Number,Campaign,
(512) 886-0964,Facebook,
(512) 416-9470,eLocal.com,
(512) 334-6932,Yelp,
(512) 334-6935,Angie's List,
(833) 707-4888,Porch,
(512) 265-6631,SignPost (May have special deal),
(512) 298-6277,Bing - Austin,
(512) 298-6397,birdeye,
(512) 572-0356,BBB - Austin,
(512) 823-0884,Cobiro Ads,
(512) 401-3156,eLocal.com,
(737) 219-8873,Porch,
(737) 219-8880,SignPost (May have special deal),
(830) 637-7500,ORIGINAL PHONE NUMBERS,
(512) 846-9146,NextDoor Austin,
(512) 548-2648,BBB - Austin,
(512) 806-0281,Apple Business,
(844) 919-5325,PlumbersInAustinTX.com,
(512) 518-4333,PlumbersInAustinTX.com,
(512) 710-3434,WaterHeatersInAustin.com,
(512) 910-8326,Halloween 2024,
(512) 271-9085,ResultCalls,
(512) 814-7974,NiceJob,