URL,Last crawled
https://plumbersthatcare.com/b2b/,2025-10-04
https://www.plumbersthatcare.com/b2b,2025-10-04
https://www.plumbersthatcare.com/shop/products,2025-10-03
https://www.plumbersthatcare.com/shop/p/vip-membership,2025-10-03
https://www.plumbersthatcare.com/water-heater-guide88b9d760,2025-10-03
https://www.plumbersthatcare.com/home-old,2025-09-25
https://www.plumbersthatcare.com/index,2025-09-18
https://www.plumbersthatcare.com/products,2025-09-12
https://www.plumbersthatcare.com/vip-membership,2025-09-10
https://plumbersthatcare.com/water-heater-experts-in-austin/,2025-07-24
https://plumbersthatcare.com/2023/08/08/,2025-07-07
https://plumbersthatcare.com/shop/enamel-mug/,2025-07-05
https://plumbersthatcare.com/shop/economy-plumbing-services-mug/?attribute_pa_color=black&attribute_pa_size=11-oz,2025-06-20
https://plumbersthatcare.com/shop/economy-plumbing-services-mug/?attribute_pa_color=blue&attribute_pa_size=15-oz,2025-06-19
https://plumbersthatcare.com/author/staging3-plumbersthatcare-com/,2025-06-10
https://plumbersthatcare.com/hiring-a-plumber-near-me-tips-for-choosing-the-right-professional/,2025-06-06
https://plumbersthatcare.com/sewer-line-repairs-and-replacements-in-austin-tx/,2025-06-06
https://plumbersthatcare.com/why-plumbers-are-expensive-exploring-the-costs-behind-plumbing-services/,2025-06-05
https://plumbersthatcare.com/signs-of-a-slab-leak-in-austin-and-marble-falls/,2025-05-28
https://plumbersthatcare.com/shop/economy-plumbing-services-mug/?attribute_pa_color=blue&attribute_pa_size=11-oz,2025-05-24
https://plumbersthatcare.com/shop/stainless-steel-water-bottle-with-a-straw-lid/,2025-05-24
https://plumbersthatcare.com/shop/economy-plumbing-services-mug/?add-to-cart=913,2025-05-24
https://plumbersthatcare.com/hydro-jetting-drainage-solutions/,2025-05-22
https://plumbersthatcare.com/shop/economy-plumbing-services-mug/,2025-05-22
https://plumbersthatcare.com/dont-miss-our-limited-time-plumbing-specials-on-groupon-your-trusted-plumber-in-austin-is-offering-amazing-deals/,2025-05-22
https://plumbersthatcare.com/category/blog/,2025-05-22
https://plumbersthatcare.com/the-importance-of-slab-leak-repair-for-your-home-or-business/,2025-05-21
https://plumbersthatcare.com/sewer-lines-repairs-and-replacements-in-austin/,2025-05-21
https://plumbersthatcare.com/how-often-should-i-test-my-backflow-preventer/,2025-05-21
https://plumbersthatcare.com/category/repairs/feed/,2025-05-20
https://plumbersthatcare.com/the-importance-of-water-heater-maintenance-for-austin-homeowners/,2025-05-20
https://plumbersthatcare.com/category/blog/page/2/,2025-05-20
https://plumbersthatcare.com/tag/texas/,2025-05-19
https://plumbersthatcare.com/category/tips/,2025-05-17
https://plumbersthatcare.com/20-gas-pipe-repair/,2025-05-17
https://plumbersthatcare.com/author/admin/,2025-05-17
https://plumbersthatcare.com/why-rheem/,2025-05-16
https://www.plumbersthatcare.com/&opi=79508299,2025-05-14
https://plumbersthatcare.com/aronpw-bc40m7skyfq-unsplash-6/,2025-05-05